lag,autocorrelacion
1,0.996589042832282
2,0.994510814439823
5,0.9898476643180147
10,0.9826722136838848
20,0.9683923302711287
30,0.9562491380899417
